Type,Price,Location,Bedrooms,Bathrooms
Type,Price,Location,Bedrooms,Bathrooms
Project,," Win Win Blvd, Bak Kaeng, Chroy Changvar, Phnom Penh",3,3
Borey,," Khmuonh, Sen Sok, Phnom Penh",7,7
Condo,," Chroy Changvar, Chroy Changvar, Phnom Penh",5,5
Shophouse,"$500,000","Preaek Lieb, Chroy Changvar, Phnom Penh",6,6
Shophouse,"$1,300,000","Phsar Thmei III, Daun Penh, Phnom Penh",0,0
Shophouse,"$1,500,000","Phsar Thmei III, Daun Penh, Phnom Penh",4,4
Shophouse,"$210,000","Phsar Thmei III, Daun Penh, Phnom Penh",2,2
Shophouse,"$700,000","Phsar Thmei III, Daun Penh, Phnom Penh",6,6
Shophouse,"$800,000","Phsar Thmei III, Daun Penh, Phnom Penh",5,5
Villa,"$2,200,000"," Toul Svay Prey 1, Chamkarmon, Phnom Penh",6,6
Shophouse,"$170,000","Kouk Roka, Prek Pnov, Phnom Penh",4,4
Shophouse,"$1,000,000","Chakto Mukh, Daun Penh, Phnom Penh",1,1
Villa,"$560,000","Koh Dach, Chroy Changvar, Phnom Penh",2,2
Shophouse,"$800,000","Chey Chumneah, Daun Penh, Phnom Penh",0,0
Shophouse,"$1,300,000","Tumnob Tuek, Chamkarmon, Phnom Penh",3,3
Villa,"$250,000","Phnom Penh Thmey, Sen Sok, Phnom Penh",4,4
Villa,"$950,000","BKK 1, Chamkarmon, Phnom Penh",2,2
Villa,"$220,000","Sen Sok, Phnom Penh",4,4
House,"$3,800,000","Boeung Kak 2, Toul Kork, Phnom Penh",5,5
House,"$198,000","Chaom Chau, Por Sen Chey, Phnom Penh",4,4
House,"$100,000","Nirouth, Chbar Ampov, Phnom Penh",4,4
House,"$65,000","Snaor, Por Sen Chey, Phnom Penh",3,3
Villa,"$320,000","Chrang Chamres 2, Russey Keo, Phnom Penh",4,4
House,"$147,000","Bak Kaeng, Chroy Changvar, Phnom Penh",2,2
House,"$44,500","Chaom Chau, Por Sen Chey, Phnom Penh",2,2
Link House,"$140,000","Bak Kaeng, Chroy Changvar, Phnom Penh",4,4
Shophouse,"$450,000","Tuek L'ak 3, Toul Kork, Phnom Penh",1,1
Shophouse,"$210,000","Chbar Ampov II, Chbar Ampov, Phnom Penh",3,3
House,"$300,000","Tuek Thla, Sen Sok, Phnom Penh",4,4
House,"$129,000","Preaek Aeng, Chbar Ampov, Phnom Penh",4,4
House,"$330,000","Phnom Penh Thmey, Sen Sok, Phnom Penh",4,4
House,"$285,000","Preaek Lieb, Chroy Changvar, Phnom Penh",5,5
Shophouse,"$750,000","Phsar Thmei III, Daun Penh, Phnom Penh",6,6
Shophouse,"$137,500","Veal Sbov, Chbar Ampov, Phnom Penh",4,4
House,"$95,000","Boeung Tumpun, Meanchey, Phnom Penh",4,4
House,"$22,000","Meanchey, Phnom Penh",4,4
House,"$330,000","Chaom Chau 3, Por Sen Chey, Phnom Penh",6,6
House,"$370,000","Phnom Penh Thmey, Sen Sok, Phnom Penh",5,5
House,"$265,000","Prey Sa, Dangkao, Phnom Penh",5,5
House,"$160,000","Veal Sbov, Chbar Ampov, Phnom Penh",4,4
House,"$95,000","Snaor, Por Sen Chey, Phnom Penh",4,4
House,"$88,000","Trapeang Krasang, Por Sen Chey, Phnom Penh",3,3
House,"$56,000","Kamboul, Por Sen Chey, Phnom Penh",2,2
House,"$570,000","Toul Kork, Phnom Penh",4,4
House,"$196,666","Chbar Ampov I, Chbar Ampov, Phnom Penh",4,4
House,"$109,998","Kouk Khleang, Sen Sok, Phnom Penh",2,2
House,"$109,000","Kilomaetr Lekh Prammuoy, Russey Keo, Phnom Penh",3,3
Villa,"$310,000","Dangkao, Dangkao, Phnom Penh",4,4
House,"$650,000","Russey Keo, Phnom Penh",6,6
Villa,"$115,000","Samraong Kraom, Por Sen Chey, Phnom Penh",4,4
House,"$898,000","Dangkao, Dangkao, Phnom Penh",6,6
House,"$27,000","Prek Pnov, Phnom Penh",2,2
House,"$122,500","Chak Angrae Kraom, Meanchey, Phnom Penh",2,2
House,"$255,000","Boeung Kak 2, Toul Kork, Phnom Penh",6,6
House,"$51,000","Chaom Chau, Por Sen Chey, Phnom Penh",2,2
House,"$400,000","Chaom Chau, Por Sen Chey, Phnom Penh",2,2
House,"$79,999","Tuek L'ak 3, Toul Kork, Phnom Penh",2,2
House,"$74,000","Chroy Changvar, Phnom Penh",5,5
House,"$266,666","Chaom Chau 1, Por Sen Chey, Phnom Penh",6,6
House,"$160,000","Sen Sok, Phnom Penh",4,4
House,"$155,000","Kakap, Por Sen Chey, Phnom Penh",4,4
House,"$144,000","Phnom Penh Thmey, Sen Sok, Phnom Penh",4,4
Villa,"$130,000","Chroy Changvar, Chroy Changvar, Phnom Penh",3,3
House,"$46,000","Trapeang Krasang, Por Sen Chey, Phnom Penh",1,1
Shophouse,"$67,000","Chaom Chau 2, Por Sen Chey, Phnom Penh",1,1
House,"$150,000","Meanchey, Phnom Penh",4,4
House,"$73,000","Kamboul, Por Sen Chey, Phnom Penh",2,2
House,"$65,000","Kakab 2, Por Sen Chey, Phnom Penh",3,3
Shophouse,"$490,000","Stueng Mean chey, Meanchey, Phnom Penh",6,6
House,"$78,200","Kakap, Por Sen Chey, Phnom Penh",2,2
Twin Villa,"$275,000","Phnom Penh Thmey, Sen Sok, Phnom Penh",4,4
House,"$290,000","Boeung Salang, Toul Kork, Phnom Penh",4,4
House,"$253,000","Nirouth, Chbar Ampov, Phnom Penh",4,4
House,"$53,500","Trapeang Krasang, Por Sen Chey, Phnom Penh",2,2
House,"$48,000","Phnom Penh Thmey, Sen Sok, Phnom Penh",2,2
House,"$93,000","Tuol Sangke, Russey Keo, Phnom Penh",4,4
House,"$52,000","Pong Tuek, Dangkao, Phnom Penh",2,2
House,"$95,000","Nirouth, Chbar Ampov, Phnom Penh",4,4
House,"$55,000","Chaom Chau 2, Por Sen Chey, Phnom Penh",2,2
House,"$890,000","Chaom Chau 3, Por Sen Chey, Phnom Penh",5,5
House,"$185,000","Dangkao, Dangkao, Phnom Penh",3,3
House,"$79,000","Meanchey, Phnom Penh",2,2
House,"$97,000","Chaom Chau 1, Por Sen Chey, Phnom Penh",2,2
House,"$790,000","Phsar Thmei I, Daun Penh, Phnom Penh",²,²
House,"$79,000","Boeung Tumpun, Meanchey, Phnom Penh",2,2
House,"$65,000","Por Sen Chey, Phnom Penh",2,2
House,"$35,000","Samraong Kraom, Por Sen Chey, Phnom Penh",1,1
House,"$60,000","Chaom Chau 1, Por Sen Chey, Phnom Penh",2,2
House,"$330,000","Boeung Salang, Toul Kork, Phnom Penh",2,2
House,"$92,000","Russey Keo, Phnom Penh",2,2
House,"$175,000","Chaom Chau 3, Por Sen Chey, Phnom Penh",4,4
House,"$80,500","Kakab 2, Por Sen Chey, Phnom Penh",4,4
House,"$49,999","Spean Thma, Dangkao, Phnom Penh",2,2
House,"$88,000","Chaom Chau, Por Sen Chey, Phnom Penh",4,4
House,"$375,000","Chrang Chamres 2, Russey Keo, Phnom Penh",4,4
House,"$69,500","Russey Keo, Phnom Penh",4,4
House,"$89,000","Chrang Chamres 2, Russey Keo, Phnom Penh",2,2
House,"$650,000","Boeung Salang, Toul Kork, Phnom Penh",7,7
House,"$440,000","Boeung Kak 1, Toul Kork, Phnom Penh",6,6
House,"$160,000","Dangkao, Dangkao, Phnom Penh",5,5
House,"$55,000","Kouk Khleang, Sen Sok, Phnom Penh",3,3
House,"$73,000","Chaom Chau, Por Sen Chey, Phnom Penh",2,2
House,"$183,880","Tuek L'ak 3, Toul Kork, Phnom Penh",4,4
House,"$120,000","Preaek Ta Sek, Chroy Changvar, Phnom Penh",3,3
House,"$105,000","Russey Keo, Russey Keo, Phnom Penh",2,2
Twin Villa,"$201,000","Preaek Lieb, Chroy Changvar, Phnom Penh",2,2
House,"$73,500","Preaek Kampues, Dangkao, Phnom Penh",4,4
House,"$55,000","Chaom Chau, Por Sen Chey, Phnom Penh",2,2
House,"$74,000","Dangkao, Dangkao, Phnom Penh",2,2
House,"$60,000","Prey Sa, Dangkao, Phnom Penh",2,2
House,"$350,000","Boeng Reang, Daun Penh, Phnom Penh",2,2
House,"$780,000","Nirouth, Chbar Ampov, Phnom Penh",4,4
House,"$65,000","Chaom Chau, Por Sen Chey, Phnom Penh",2,2
House,"$36,000","Chaom Chau, Por Sen Chey, Phnom Penh",1,1
House,"$47,000","Krang Thnong, Sen Sok, Phnom Penh",2,2
House,"$99,000","Dangkao, Dangkao, Phnom Penh",2,2
House,"$74,000","Chaom Chau 3, Por Sen Chey, Phnom Penh",4,4
House,"$495,000","Chey Chumneah, Daun Penh, Phnom Penh",2,2
House,"$140,000","Chaom Chau, Por Sen Chey, Phnom Penh",2,2
House,"$64,900","Dangkao, Phnom Penh",2,2
House,"$335,000","Tuek Thla, Sen Sok, Phnom Penh",6,6
House,"$269,000","Boeung Kak 2, Toul Kork, Phnom Penh",4,4
House,"$78,200","Kakap, Por Sen Chey, Phnom Penh",2,2
House,"$85,000","Stueng Mean chey 3, Meanchey, Phnom Penh",2,2
House,"$439,999","Samraong Kraom, Por Sen Chey, Phnom Penh",5,5
House,"$55,000","Preaek Pnov, Prek Pnov, Phnom Penh",1,1
House,"$48,000","Russey Keo, Russey Keo, Phnom Penh",2,2
House,"$140,000","Meanchey, Phnom Penh",2,2
House,"$96,000","Dangkao, Phnom Penh",2,2
House,"$120,000","Kamboul, Por Sen Chey, Phnom Penh",5,5
House,"$270,000","Phnom Penh Thmey, Sen Sok, Phnom Penh",²,²
House,"$85,000","Stueng Mean chey, Meanchey, Phnom Penh",2,2
House,"$155,000","Kakab 1, Por Sen Chey, Phnom Penh",2,2
House,"$50,000","Preaek Kampues, Dangkao, Phnom Penh",2,2
House,"$90,000","Meanchey, Phnom Penh",4,4
House,"$54,500","Kamboul, Por Sen Chey, Phnom Penh",2,2
House,"$93,555","Dangkao, Dangkao, Phnom Penh",2,2
House,"$169,000","Dangkao, Phnom Penh",3,3
House,"$83,500","Meanchey, Phnom Penh",2,2
House,"$52,000","Chrang Chamres 2, Russey Keo, Phnom Penh",2,2
House,"$68,000","Kakap, Por Sen Chey, Phnom Penh",2,2
House,"$85,000","Por Sen Chey, Phnom Penh",2,2
House,"$50,000","Sen Sok, Phnom Penh",2,2
House,"$80,000","Boeung Salang, Toul Kork, Phnom Penh",3,3
House,"$600,000","Tuek L'ak 2, Toul Kork, Phnom Penh",4,4
House,"$37,000","Chaom Chau, Por Sen Chey, Phnom Penh",2,2
House,"$98,000","Krang Thnong, Sen Sok, Phnom Penh",2,2
House,"$115,000","Tuol Sangke, Russey Keo, Phnom Penh",4,4
House,"$73,000","Krang Thnong, Sen Sok, Phnom Penh",3,3
House,"$120,000","Krang Thnong, Sen Sok, Phnom Penh",2,2
House,"$90,000","Veal Sbov, Chbar Ampov, Phnom Penh",2,2
House,"$150,000","Boeung Tumpun 2, Meanchey, Phnom Penh",5,5
House,"$62,000","Khmuonh, Sen Sok, Phnom Penh",3,3
House,"$110,000","Krang Thnong, Sen Sok, Phnom Penh",4,4
House,"$123,000","Nirouth, Chbar Ampov, Phnom Penh",4,4
House,"$63,000","Kamboul, Por Sen Chey, Phnom Penh",4,4
House,"$1,200,000","Boeung Salang, Toul Kork, Phnom Penh",5,5
House,"$95,000","Boeung Tumpun, Meanchey, Phnom Penh",4,4
House,"$77,500","Nirouth, Chbar Ampov, Phnom Penh",3,3
House,"$169,000","Prey Sa, Dangkao, Phnom Penh",5,5
House,"$108,000","Preaek Kampues, Dangkao, Phnom Penh",4,4
House,"$155,000","Phnom Penh Thmey, Sen Sok, Phnom Penh",5,5
House,"$138,000","Dangkao, Phnom Penh",4,4
House,"$225,000","Khmuonh, Sen Sok, Phnom Penh",4,4
House,"$137,000","Boeung Tumpun 1, Meanchey, Phnom Penh",5,5
House,"$240,000","Khmuonh, Sen Sok, Phnom Penh",4,4
House,"$220,000","Boeung Tumpun, Meanchey, Phnom Penh",5,5
House,"$165,000","Chaom Chau, Por Sen Chey, Phnom Penh",4,4
House,"$75,000","Kamboul, Por Sen Chey, Phnom Penh",4,4
House,"$58,000","Stueng Mean chey 3, Meanchey, Phnom Penh",2,2
Twin Villa,"$300,000","Nirouth, Chbar Ampov, Phnom Penh",4,4
Villa,"$710,000","Boeung Kak 1, Toul Kork, Phnom Penh",6,6
Twin Villa,"$293,700","Nirouth, Chbar Ampov, Phnom Penh",4,4
Shophouse,"$390,000"," Tuek Thla, Sen Sok, Phnom Penh",5,5
Shophouse,"$580,000"," Tuek L'ak 3, Toul Kork, Phnom Penh",5,5
Villa,"$1,200,000","Nirouth, Chbar Ampov, Phnom Penh",5,5
Villa,"$3,950,000","Preaek Aeng, Chbar Ampov, Phnom Penh",7,7
Villa,"$1,590,000",Borey Morgan Champs-Élysées,7,7
Twin Villa,"$650,000",Borey Morgan Champs-Élysées,6,6
Shophouse,"$1,630,000",Borey Morgan Champs-Élysées,3,3
Twin Villa,"$480,000",Borey Morgan Champs-Élysées,5,5
Shophouse,"$560,000",Borey Morgan Champs-Élysées,4,4
Shophouse,"$270,000"," Preaek Aeng, Chbar Ampov, Phnom Penh",4,4
Link House,"$265,000","Phnom Penh Thmey, Sen Sok, Phnom Penh",4,4
House,"$165,000"," Kamboul, Por Sen Chey, Phnom Penh",2,2
Villa,"$850,000","Tuol Sangke, Russey Keo, Phnom Penh",7,7
House,"$380,000","313 313, Boeung Kak 2, Toul Kork, Phnom Penh",1,1
Borey,," Street 20A, Tien, Dangkao, Phnom Penh",6,6
Shophouse,"$295,000"," Khmuonh, Sen Sok, Phnom Penh",4,4
House,"$560,000","Chaom Chau, Por Sen Chey, Phnom Penh",8,8
House,"$260,000","Preaek Lieb, Chroy Changvar, Phnom Penh",5,5
House,"$210,000","Boeung Tumpun 2, Meanchey, Phnom Penh",4,4
Twin Villa,"$335,000","Cheung Aek, Dangkao, Phnom Penh",4,4
House,"$355,000","Chrang Chamres I, Russey Keo, Phnom Penh",4,4
House,"$195,000","Russey Keo, Russey Keo, Phnom Penh",4,4
House,"$930,000","Nirouth, Chbar Ampov, Phnom Penh",4,4
House,"$85,000","Chaom Chau 2, Por Sen Chey, Phnom Penh",4,4
Villa,"$1,300/m²","Chroy Changvar, Chroy Changvar, Phnom Penh",4,4
House,"$550,000","Boeung Tumpun, Meanchey, Phnom Penh",3,3
Villa,"$250,000","Bak Kaeng, Chroy Changvar, Phnom Penh",3,3
House,"$800,000","Wat Phnom, Daun Penh, Phnom Penh",5,5
House,"$262,000","Khmuonh, Sen Sok, Phnom Penh",4,4
House,"$190,000","Chak Angrae Kraom, Meanchey, Phnom Penh",5,5
House,"$250,000","Phnom Penh Thmey, Sen Sok, Phnom Penh",5,5
House,"$55,000","Chaom Chau, Por Sen Chey, Phnom Penh",2,2
House,"$78,000","Dangkao, Dangkao, Phnom Penh",4,4
Twin Villa,"$255,000","Preaek Ta Sek, Chroy Changvar, Phnom Penh",4,4
House,"$495,000","Phsar Thmei II, Daun Penh, Phnom Penh",4,4
House,"$147,000","Nirouth, Chbar Ampov, Phnom Penh",4,4
House,"$76,500","Kamboul, Por Sen Chey, Phnom Penh",4,4
House,"$85,000","Por Sen Chey, Phnom Penh",2,2
House,"$290,000","Boeung Salang, Toul Kork, Phnom Penh",6,6
House,"$165,000","Boeung Salang, Toul Kork, Phnom Penh",2,2
House,"$99,800","Kamboul, Por Sen Chey, Phnom Penh",4,4
House,"$200,000","Chaom Chau, Por Sen Chey, Phnom Penh",4,4
House,"$70,000","Dangkao, Dangkao, Phnom Penh",3,3
House,"$200,000","Chakto Mukh, Daun Penh, Phnom Penh",2,2
Shophouse,"$186,000","Boeung Kak 2, Toul Kork, Phnom Penh",1,1
House,"$249,000","Stueng Mean chey, Meanchey, Phnom Penh",4,4
House,"$285,000","Tuek L'ak 3, Toul Kork, Phnom Penh",4,4
House,"$56,000","Phnom Penh, Phnom Penh",4,4
Villa,"$210,000"," Chrang Chamres I, Russey Keo, Phnom Penh",4,4
House,"$480,000","Boeung Tumpun, Meanchey, Phnom Penh",1,1
House,"$115,000","Preaek Kampues, Dangkao, Phnom Penh",4,4
House,"$670,000","Ou Baek K'am, Sen Sok, Phnom Penh",6,6
Twin Villa,"$380,000","Nirouth, Chbar Ampov, Phnom Penh",4,4
House,"$76,877","Prey Sa, Dangkao, Phnom Penh",2,2
House,"$380,000","Chrang Chamres 2, Russey Keo, Phnom Penh",4,4
House,"$85,000","Phsar Chas, Daun Penh, Phnom Penh",1,1
Twin Villa,"$245,000","Veal Sbov, Chbar Ampov, Phnom Penh",4,4
House,"$140,000","Boeung Tumpun, Meanchey, Phnom Penh",4,4
House,"$800,000","Chey Chumneah, Daun Penh, Phnom Penh",2,2
Villa,"$290,000","Preaek Aeng, Chbar Ampov, Phnom Penh",4,4
House,"$180,000","Kouk Roka, Prek Pnov, Phnom Penh",4,4
House,"$230,000","Nirouth, Chbar Ampov, Phnom Penh",4,4
House,"$55,000","Kamboul, Por Sen Chey, Phnom Penh",²,²
Villa,"$980,000","Toul Kork, Phnom Penh",²,²
House,"$1,500,000","Tuek Thla, Sen Sok, Phnom Penh",²,²
Shophouse,"$175,000","Boeung Kak 1, Toul Kork, Phnom Penh",²,²
House,"$750,000","Preaek Pra, Chbar Ampov, Phnom Penh",²,²
Villa,"$600,000","Toul Kork, Phnom Penh",²,²
House,"$105,000","Dangkao, Phnom Penh",²,²
Link House,"$148,000","Nirouth, Chbar Ampov, Phnom Penh",²,²
Link House,"$193,000","Chrang Chamres 2, Russey Keo, Phnom Penh",²,²
Link House,"$69,000","Chaom Chau, Por Sen Chey, Phnom Penh",²,²
Villa,"$195,000","Preaek Aeng, Chbar Ampov, Phnom Penh",²,²
Twin Villa,"$355,000","Sen Sok, Phnom Penh",²,²
House,"$145,000","Preaek Aeng, Chbar Ampov, Phnom Penh",²,²
House,"$49,000","Kouk Khleang, Sen Sok, Phnom Penh",²,²
House,"$30,000","Chaom Chau, Por Sen Chey, Phnom Penh",²,²
Shophouse,"$168,000","Por Sen Chey, Phnom Penh",²,²
Shophouse,"$150,000","Por Sen Chey, Phnom Penh",²,²
Shophouse,"$155,000","Nirouth, Chbar Ampov, Phnom Penh",²,²
Shophouse,"$130,000","Nirouth, Chbar Ampov, Phnom Penh",²,²
Villa,"$3,900,000","Nirouth, Chbar Ampov, Phnom Penh",²,²
House,"$86,000","Dangkao, Phnom Penh",²,²
House,"$80,000","Dangkao, Phnom Penh",²,²
House,"$235,000","Dangkao, Phnom Penh",²,²
House,"$97,880","Samraong Kraom, Por Sen Chey, Phnom Penh",²,²
Twin Villa,"$240,000","Phnom Penh Thmey, Sen Sok, Phnom Penh",²,²
Shophouse,"$98,000","Krang Thnong, Sen Sok, Phnom Penh",²,²
House,"$43,800","Por Sen Chey, Phnom Penh",²,²
House,"$179,000","Chrang Chamres I, Russey Keo, Phnom Penh",²,²
House,"$31,980","Phnom Penh, Phnom Penh",²,²
House,"$70,000","Prey Sa, Dangkao, Phnom Penh",²,²
Twin Villa,"$299,999","Chrang Chamres 2, Russey Keo, Phnom Penh",²,²
House,"$59,500","Por Sen Chey, Phnom Penh",²,²
House,"$46,000","Preaek Thmei, Chbar Ampov, Phnom Penh",²,²
House,"$75,500","Russey Keo, Phnom Penh",²,²
House,"$99,000","Por Sen Chey, Phnom Penh",²,²
Villa,"$1,900,000","Toul Kork, Phnom Penh",²,²
House,"$45,000","Chaom Chau, Por Sen Chey, Phnom Penh",²,²
Villa,"$1,399,000","Nirouth, Chbar Ampov, Phnom Penh",²,²
Villa,"$600,000","Khmuonh, Sen Sok, Phnom Penh",²,²
Villa,"$188,000","Chbar Ampov, Phnom Penh",²,²
House,"$195,000","Dangkao, Phnom Penh",²,²
Shophouse,"$350,000","Toul Kork, Phnom Penh",²,²
Shophouse,"$145,000","Dangkao, Phnom Penh",²,²
House,"$265,000","Chak Angrae Kraom, Meanchey, Phnom Penh",²,²
Twin Villa,"$67,000","Chaom Chau, Por Sen Chey, Phnom Penh",²,²
Villa,"$150,000","Chroy Changvar, Phnom Penh",²,²
Shophouse,"$230,000","Krang Thnong, Sen Sok, Phnom Penh",²,²
House,"$50,999","Preaek Pnov, Prek Pnov, Phnom Penh",²,²
House,"$56,880","Krang Thnong, Sen Sok, Phnom Penh",²,²
House,"$160,000","Chak Angrae Kraom, Meanchey, Phnom Penh",²,²
Villa,"$215,000","Dangkao, Phnom Penh",²,²
House,"$199,000","Meanchey, Phnom Penh",²,²
Villa,"$210,000","Russey Keo, Phnom Penh",²,²
Shophouse,"$590,000","Tumnob Tuek, Chamkarmon, Phnom Penh",²,²
House,"$92,000","Chaom Chau, Por Sen Chey, Phnom Penh",²,²
House,"$65,000","Boeung Tumpun, Meanchey, Phnom Penh",²,²
House,"$52,000","Dangkao, Phnom Penh",²,²
House,"$145,000","Chak Angrae Leu, Meanchey, Phnom Penh",²,²
House,"$45,000","Kamboul, Por Sen Chey, Phnom Penh",²,²
Shophouse,"$180,000","Por Sen Chey, Phnom Penh",²,²
House,"$48,000","Chaom Chau, Por Sen Chey, Phnom Penh",²,²
House,"$830,000","Tuek L'ak 3, Toul Kork, Phnom Penh",²,²
House,"$188,000","Tuol Sangke, Russey Keo, Phnom Penh",²,²
Shophouse,"$750,000","Dangkao, Phnom Penh",²,²
House,"$75,000","Kamboul, Por Sen Chey, Phnom Penh",²,²
House,"$65,000","Dangkao, Phnom Penh",²,²
House,"$58,900","Dangkao, Phnom Penh",²,²
House,"$105,333","Tuol Sangke, Russey Keo, Phnom Penh",²,²
Villa,"$148,000","Preaek Lieb, Chroy Changvar, Phnom Penh",²,²
House,"$129,000","Chaom Chau, Por Sen Chey, Phnom Penh",²,²
House,"$36,800","Stueng Mean chey, Meanchey, Phnom Penh",²,²
House,"$100,000","Phleung Chheh Roteh, Por Sen Chey, Phnom Penh",²,²
House,"$55,555","Dangkao, Phnom Penh",²,²
House,"$42,500","Kamboul, Por Sen Chey, Phnom Penh",²,²
Villa,"$1,700,000","Toul Kork, Phnom Penh",²,²
Villa,"$320,000","Chrang Chamres 2, Russey Keo, Phnom Penh",²,²
House,"$59,000","Meanchey, Phnom Penh",²,²
House,"$450,000","Tuek L'ak 1, Toul Kork, Phnom Penh",²,²
Shophouse,"$400,000","Kouk Roka, Prek Pnov, Phnom Penh",²,²
House,"$200,000","Nirouth, Chbar Ampov, Phnom Penh",²,²
House,"$68,000","Krang Thnong, Sen Sok, Phnom Penh",²,²
House,"$210,000","Stueng Mean chey, Meanchey, Phnom Penh",²,²
House,"$165,000","Tuol Sangke, Russey Keo, Phnom Penh",²,²
Shophouse,"$140,000","Nirouth, Chbar Ampov, Phnom Penh",²,²
Shophouse,"$325,000","Kakab 1, Por Sen Chey, Phnom Penh",²,²
House,"$205,000","Ou Baek K'am, Sen Sok, Phnom Penh",²,²
Twin Villa,"$270,000","Phnom Penh Thmey, Sen Sok, Phnom Penh",²,²
House,"$55,000","Por Sen Chey, Phnom Penh",²,²
Twin Villa,"$315,000","Phnom Penh Thmey, Sen Sok, Phnom Penh",²,²
Villa,"$1,380,000","Nirouth, Chbar Ampov, Phnom Penh",²,²
Shophouse,"$68,000","Snaor, Por Sen Chey, Phnom Penh",²,²
House,"$69,995","Pong Tuek, Dangkao, Phnom Penh",²,²
House,"$135,000","Prey Sa, Dangkao, Phnom Penh",²,²
House,"$155,000","Boeung Tumpun, Meanchey, Phnom Penh",²,²
House,"$47,500","Dangkao, Phnom Penh",²,²
House,"$75,000","Dangkao, Phnom Penh",²,²
House,"$850,000","Nirouth, Chbar Ampov, Phnom Penh",²,²
House,"$120,000","Por Sen Chey, Phnom Penh",²,²
House,"$68,000","Krang Thnong, Sen Sok, Phnom Penh",²,²
Twin Villa,"$280,000","Por Sen Chey, Phnom Penh",²,²
Twin Villa,"$398,000","Nirouth, Chbar Ampov, Phnom Penh",²,²
House,"$198,000","Chrang Chamres 2, Russey Keo, Phnom Penh",²,²
House,"$95,000","Sen Sok, Phnom Penh",²,²
Twin Villa,"$299,000","Preaek Lieb, Chroy Changvar, Phnom Penh",²,²
Villa,"$755,000","Chrang Chamres 2, Russey Keo, Phnom Penh",²,²
Shophouse,"$155,000","Stueng Mean chey, Meanchey, Phnom Penh",²,²
Villa,"$850,000","Boeung Tumpun, Meanchey, Phnom Penh",²,²
House,"$270,000","Tuol Sangke, Russey Keo, Phnom Penh",²,²
Twin Villa,"$400,000","Nirouth, Chbar Ampov, Phnom Penh",²,²
Twin Villa,"$245,000","Krang Thnong, Sen Sok, Phnom Penh",²,²
House,"$198,000","Kouk Khleang, Sen Sok, Phnom Penh",²,²
House,"$49,666","Chaom Chau, Por Sen Chey, Phnom Penh",²,²
Twin Villa,"$278,000","Dangkao, Phnom Penh",²,²
Villa,"$329,000","Tuek Thla, Sen Sok, Phnom Penh",²,²
Shophouse,"$200,000","Preaek Lieb, Chroy Changvar, Phnom Penh",²,²
Shophouse,"$275,000","Nirouth, Chbar Ampov, Phnom Penh",²,²
Shophouse,"$285,000","Chak Angrae Kraom, Meanchey, Phnom Penh",²,²
Twin Villa,"$225,000","Preaek Aeng, Chbar Ampov, Phnom Penh",²,²
Villa,"$68,000","Kamboul, Por Sen Chey, Phnom Penh",²,²
House,"$189,800","Kouk Roka, Prek Pnov, Phnom Penh",²,²
House,"$460,000","Khmuonh, Sen Sok, Phnom Penh",²,²
Twin Villa,"$420,000","Chak Angrae Kraom, Meanchey, Phnom Penh",²,²
House,"$450,000","Chey Chumneah, Daun Penh, Phnom Penh",²,²
House,"$57,999","Chaom Chau, Por Sen Chey, Phnom Penh",²,²
Shophouse,"$98,000","Chaom Chau, Por Sen Chey, Phnom Penh",²,²
Shophouse,"$125,000","Stueng Mean chey, Meanchey, Phnom Penh",²,²
Twin Villa,"$245,000","Chaom Chau, Por Sen Chey, Phnom Penh",²,²
Villa,"$245,000","Preaek Aeng, Chbar Ampov, Phnom Penh",²,²
Shophouse,"$455,000","Phsar Thmei II, Daun Penh, Phnom Penh",²,²
House,"$310,000","Ou Baek K'am, Sen Sok, Phnom Penh",²,²
Twin Villa,"$265,000","Nirouth, Chbar Ampov, Phnom Penh",²,²
Twin Villa,"$225,000","Preaek Aeng, Chbar Ampov, Phnom Penh",²,²
Twin Villa,"$265,000","Kilomaetr Lekh Prammuoy, Russey Keo, Phnom Penh",²,²
House,"$88,000","Dangkao, Phnom Penh",²,²
House,"$235,000","Nirouth, Chbar Ampov, Phnom Penh",²,²
Villa,"$185,000","Phnom Penh Thmey, Sen Sok, Phnom Penh",²,²
Shophouse,"$168,000","Chaom Chau, Por Sen Chey, Phnom Penh",²,²
Shophouse,"$280,000"," Chrang Chamres 2, Russey Keo, Phnom Penh",5,5
Link House,"$110,000"," Krang Thnong, Sen Sok, Phnom Penh",2,2
Shophouse,"$280,000"," Veal Vong, 7 Makara, Phnom Penh",1,1
Link House,"$98,000"," Chaom Chau 3, Por Sen Chey, Phnom Penh",3,3
Twin Villa,"$255,000"," Khmuonh, Sen Sok, Phnom Penh",4,4
Shophouse,"$700,000","Phsar Thmei III, Daun Penh, Phnom Penh",4,4
Villa,"$2,360,000"," Boeung Salang, Toul Kork, Phnom Penh",3,3
Shophouse,"$1,120,000","Phsar Chas, Daun Penh, Phnom Penh",8,8
Shophouse,"$110,000"," Chaom Chau 2, Por Sen Chey, Phnom Penh",2,2
Twin Villa,"$350,000"," Nirouth, Chbar Ampov, Phnom Penh",4,4
Twin Villa,"$255,000","Preaek Lieb, Chroy Changvar, Phnom Penh",4,4
Shophouse,"$240,000"," Phsar Daeum Kor, Toul Kork, Phnom Penh",4,4
Shophouse,"$600,000"," Tuek L'ak 3, Toul Kork, Phnom Penh",5,5
Link House,"$199,500"," Preaek Ta Sek, Chroy Changvar, Phnom Penh",3,3
Shophouse,"$170,000"," Ou Ruessei 1, 7 Makara, Phnom Penh",1,1
Shophouse,"$1,300,000","Phsar Thmei III, Daun Penh, Phnom Penh",6,6
Shophouse,"$250,000","Phsar Thmei III, Daun Penh, Phnom Penh",1,1
Villa,"$2,500,000"," Tonle Bassac, Chamkarmon, Phnom Penh",6,6
Shophouse,"$800,000"," Boeung Kak 2, Toul Kork, Phnom Penh",1,1
Twin Villa,"$270,000","Tuek Thla, Sen Sok, Phnom Penh",4,4
Villa,"$750,000"," Tonle Bassac, Chamkarmon, Phnom Penh",9,9
House,"$270,000"," Boeung Tumpun, Meanchey, Phnom Penh",6,6
Shophouse,"$230,000","Win Win Blud , Bak Kaeng, Chroy Changvar, Phnom Penh",4,4
Villa,"$2,300,000"," Boeung Kak 1, Toul Kork, Phnom Penh",4,4
Shophouse,"$700,000"," Boeung Kak 2, Toul Kork, Phnom Penh",6,6
Link House,"$180,000","Nirouth, Chbar Ampov, Phnom Penh",4,4
House,"$69,000","sa prey, Prey Sa, Dangkao, Phnom Penh",3,3
Twin Villa,"$589,000","Boeung Kak 1, Toul Kork, Phnom Penh",3,3
Twin Villa,"$2,200,000","BKK 2, Chamkarmon, Phnom Penh",3,3
Shophouse,"$450,000"," BKK 1, Chamkarmon, Phnom Penh",3,3
Shophouse,"$370,000"," BKK 3, Chamkarmon, Phnom Penh",3,3
Link House,"$230,000"," Phnom Penh Thmey, Sen Sok, Phnom Penh",4,4
Shophouse,"$350,000"," Phnom Penh Thmey, Sen Sok, Phnom Penh",5,5
Shophouse,"$500,000"," Boeung Kak 1, Toul Kork, Phnom Penh",7,7
Villa,"$2,300,000"," Boeung Kak 1, Toul Kork, Phnom Penh",1,1
House,"$1,500,000","Chakto Mukh, Daun Penh, Phnom Penh",1,1
House,"$500,000"," Chaom Chau 1, Por Sen Chey, Phnom Penh",3,3
Shophouse,"$185,000","Samraong, Prek Pnov, Phnom Penh",3,3
House,"$62,500","Dangkao, Dangkao, Phnom Penh",2,2
Shophouse,"$1,300,000"," Toul Svay Prey 1, Chamkarmon, Phnom Penh",3,3
Villa,"$1,100,000"," Tonle Bassac, Chamkarmon, Phnom Penh",4,4
Villa,"$1,100,000"," Nirouth, Chbar Ampov, Phnom Penh",5,5
House,"$58,800","108Z បេតុង, Preaek Pra, Chbar Ampov, Phnom Penh",2,2
Villa,"$2,890,000","BKK 3, Chamkarmon, Phnom Penh",5,5
House,"$100,000"," Kouk Khleang, Sen Sok, Phnom Penh",2,2
House,"$42,900","Stueng Mean chey, Meanchey, Phnom Penh",2,2
Link House,"$188,000"," Veal Sbov, Chbar Ampov, Phnom Penh",4,4
Shophouse,"$145,000"," Krang Thnong, Sen Sok, Phnom Penh",4,4
Shophouse,"$570,000","Chey Chumneah, Daun Penh, Phnom Penh",2,2
House,"$115,000"," Chak Angrae Kraom, Meanchey, Phnom Penh",2,2
Villa,"$470,000"," Preaek Lieb, Chroy Changvar, Phnom Penh",4,4
Twin Villa,"$188,000"," Preaek Lieb, Chroy Changvar, Phnom Penh",3,3
Link House,"$155,000"," Preaek Lieb, Chroy Changvar, Phnom Penh",4,4
Twin Villa,"$280,000"," Preaek Lieb, Chroy Changvar, Phnom Penh",4,4
Link House,"$140,000"," Preaek Lieb, Chroy Changvar, Phnom Penh",3,3
Shophouse,"$180,000"," Phsar Kandal I, Daun Penh, Phnom Penh",2,2
House,"$300,000"," Chaom Chau 2, Por Sen Chey, Phnom Penh",2,2
Link House,"$82,000"," Ponhea Pon, Prek Pnov, Phnom Penh",2,2
Twin Villa,"$280,000"," Preaek Lieb, Chroy Changvar, Phnom Penh",4,4
Twin Villa,"$280,000"," Preaek Lieb, Chroy Changvar, Phnom Penh",4,4
Link House,"$145,000"," Preaek Lieb, Chroy Changvar, Phnom Penh",3,3
Villa,"$7,400/m²","71 , BKK 1, Chamkarmon, Phnom Penh",6,6
Shophouse,"$620,000","Chey Chumneah, Daun Penh, Phnom Penh",6,6
Link House,"$125,000"," Bak Kaeng, Chroy Changvar, Phnom Penh",3,3
House,"$570,000","Toul Tum Poung 2, Chamkarmon, Phnom Penh",3,3
Link House,"$125,000"," Chrang Chamres I, Russey Keo, Phnom Penh",4,4
Link House,"$120,000"," Chrang Chamres I, Russey Keo, Phnom Penh",3,3
Link House,"$180,000"," Chrang Chamres I, Russey Keo, Phnom Penh",2,2
Link House,"$133,000"," Chrang Chamres I, Russey Keo, Phnom Penh",2,2
Link House,"$110,000"," Chrang Chamres I, Russey Keo, Phnom Penh",2,2
Shophouse,"$410,000"," Kouk Roka, Prek Pnov, Phnom Penh",8,8
Shophouse,"$1,950,000"," Olympic, Chamkarmon, Phnom Penh",5,5
Shophouse,"$240,000"," Krang Thnong, Sen Sok, Phnom Penh",5,5
House,"$1,100,000"," Tuek Thla, Sen Sok, Phnom Penh",4,4
House,"$250,000"," Preaek Lieb, Chroy Changvar, Phnom Penh",3,3
Villa,"$4,200,000"," Boeng Reang, Daun Penh, Phnom Penh",4,4
Villa,"$2,500,000"," Boeung Prolit, 7 Makara, Phnom Penh",9,9
Shophouse,"$275,000","Chroy Changvar, Chroy Changvar, Phnom Penh",3,3
House,"$1,215,000"," Oknha Nou Kan 105, Boeung Trabek, Chamkarmon, Phnom Penh",3,3
Villa,"$115,000","Chroy Changvar, Chroy Changvar, Phnom Penh",2,2
Villa,"$1,100,000","Phnom Penh Thmey, Sen Sok, Phnom Penh",5,5
House,"$62,800","Chaom Chau 2, Por Sen Chey, Phnom Penh",3,3
Villa,"$310,000","Chbar Ampov II, Chbar Ampov, Phnom Penh",4,4
Villa,"$980,000","Phnom Penh Thmey, Sen Sok, Phnom Penh",6,6
Villa,"$1,250,000","Krang Thnong, Sen Sok, Phnom Penh",7,7
Villa,"$1,300,000","Phsar Daeum Kor, Toul Kork, Phnom Penh",²,²
Villa,"$1,100,000","Chbar Ampov II, Chbar Ampov, Phnom Penh",²,²
House,"$300,000","104 D 800, Dangkao, Dangkao, Phnom Penh",5,5
Villa,"$400,000"," Preaek Pra, Chbar Ampov, Phnom Penh",3,3
Villa,"$785,000"," Cheung Aek, Dangkao, Phnom Penh",5,5
Villa,"$675,000"," Nirouth, Chbar Ampov, Phnom Penh",5,5
Villa,"$2,220,000"," Veal Sbov, Chbar Ampov, Phnom Penh",5,5
Villa,"$1,350,000"," Nirouth, Chbar Ampov, Phnom Penh",5,5
Shophouse,"$500,000","337 , Boeung Kak 1, Toul Kork, Phnom Penh",4,4
House,"$750,000"," BKK 1, Chamkarmon, Phnom Penh",4,4
Shophouse,"$985,045","Srah Chak, Daun Penh, Phnom Penh",6,6
Shophouse,"$1,738,950","Srah Chak, Daun Penh, Phnom Penh",6,6
Shophouse,"$2,390,758","Srah Chak, Daun Penh, Phnom Penh",6,6
Shophouse,"$3,688,756","Srah Chak, Daun Penh, Phnom Penh",6,6
Shophouse,"$190,000"," Svay Pak, Russey Keo, Phnom Penh",6,6
Villa,"$900,000"," 21B, Preaek Thmei, Chbar Ampov, Phnom Penh",6,6
Shophouse,"$202,000","Phnom Penh Thmey, Sen Sok, Phnom Penh",4,4
House,"$1,318,800","Boeung Kak 1, Toul Kork, Phnom Penh",0,0
House,"$84,000","Chroy Changvar, Chroy Changvar, Phnom Penh",2,2
Villa,"$300,000","Dangkao, Dangkao, Phnom Penh",4,4
House,"$25,000","Mittapheap, 7 Makara, Phnom Penh",2,2
Shophouse,"$185,000","Kakap, Por Sen Chey, Phnom Penh",3,3
Villa,"$300,000","104, Dangkao, Dangkao, Phnom Penh",5,5
House,"$570,000","Tuol Sangkae 1, Russey Keo, Phnom Penh",5,5
House,"$250,000","Prey Sa, Dangkao, Phnom Penh",4,4
House,"$35,000","Preaek Pnov, Prek Pnov, Phnom Penh",2,2
Villa,"$880,000","Phnom Penh Thmey, Sen Sok, Phnom Penh",5,5
Twin Villa,"$250,000","Prey Sa, Dangkao, Phnom Penh",5,5
Villa,"$63,000","Khmuonh, Sen Sok, Phnom Penh",S,S
House,"$950,000","602 , Boeung Kak 2, Toul Kork, Phnom Penh",5,5
House,"$950,000","602, Boeung Kak 2, Toul Kork, Phnom Penh",5,5
Shophouse,"$168,000"," Chaom Chau 1, Por Sen Chey, Phnom Penh",5,5
House,"$47,000"," Kamboul, Por Sen Chey, Phnom Penh",2,2
House,"$75,000"," Chroy Changvar, Chroy Changvar, Phnom Penh",3,3
House,"$399,000","Phnom Penh Thmey, Sen Sok, Phnom Penh",8,8
House,"$155,000","Chbar Ampov II, Chbar Ampov, Phnom Penh",4,4
House,"$248,000","Chroy Changvar, Chroy Changvar, Phnom Penh",4,4
House,"$328,000","Phnom Penh Thmey, Sen Sok, Phnom Penh",4,4
House,"$129,500","Stueng Mean chey, Meanchey, Phnom Penh",3,3
House,"$119,000","Dangkao, Dangkao, Phnom Penh",4,4
House,"$40,000","Phsar Chas, Daun Penh, Phnom Penh",1,1
Villa,"$32,000","Boeng Reang, Daun Penh, Phnom Penh",1,1
House,"$25,000","Mittapheap, 7 Makara, Phnom Penh",1,1
Villa,"$460,000","Tuek Thla, Sen Sok, Phnom Penh",E,E
House,"$85,000","Phsar Chas, Daun Penh, Phnom Penh",3,3
House,"$58,000","Mittapheap, 7 Makara, Phnom Penh",3,3
Villa,"$200,000","Chroy Changvar, Chroy Changvar, Phnom Penh",4,4
Villa,"$330,000","Chrang Chamres 2, Russey Keo, Phnom Penh",4,4
Shophouse,"$550,000","លល 102, Kakab 1, Por Sen Chey, Phnom Penh",E,E
Villa,"$5,500,000"," Nirouth, Chbar Ampov, Phnom Penh",9,9
Villa,"$1,100,000"," Nirouth, Chbar Ampov, Phnom Penh",5,5
Shophouse,"$1,770,000"," Boeung Tumpun, Meanchey, Phnom Penh",0,0
House,"$2,100,000"," Boeng Reang, Daun Penh, Phnom Penh",9,9
Shophouse,"$400,000"," Phsar Kandal II, Daun Penh, Phnom Penh",3,3
House,"$1,500,000"," Phsar Thmei II, Daun Penh, Phnom Penh",6,6
House,"$250,000"," Chroy Changvar, Chroy Changvar, Phnom Penh",4,4
Villa,"$458,000","Khmuonh, Sen Sok, Phnom Penh",4,4
Villa,"$840,000","Boeung Kak 1, Toul Kork, Phnom Penh",6,6
Shophouse,"$750,000"," Boeung Tumpun, Meanchey, Phnom Penh",6,6
Link House,"$150,000"," Chaom Chau 1, Por Sen Chey, Phnom Penh",4,4
Villa,"$410,000","Stueng Mean chey, Meanchey, Phnom Penh",4,4
House,"$78,500","Boeung Kak 1, Toul Kork, Phnom Penh",3,3
House,"$32,000","Mittapheap, 7 Makara, Phnom Penh",2,2
Shophouse,"$770,000"," Phsar Thmei I, Daun Penh, Phnom Penh",7,7
Villa,"$2,500,000"," Srah Chak, Daun Penh, Phnom Penh",6,6
House,"$98,000","Chey Chumneah, Daun Penh, Phnom Penh",6,6
House,"$78,000","Mittapheap, 7 Makara, Phnom Penh",2,2
House,"$128,000","Chbar Ampov I, Chbar Ampov, Phnom Penh",4,4
House,"$80,000","Chbar Ampov II, Chbar Ampov, Phnom Penh",2,2
Shophouse,"$420,000"," Preaek Lieb, Chroy Changvar, Phnom Penh",4,4
Shophouse,"$220,000"," Nirouth, Chbar Ampov, Phnom Penh",4,4
House,"$100,000"," Dangkao, Dangkao, Phnom Penh",2,2
Shophouse,"$460,000"," Nirouth, Chbar Ampov, Phnom Penh",4,4
Shophouse,"$385,000"," Nirouth, Chbar Ampov, Phnom Penh",4,4
Shophouse,"$340,000"," Nirouth, Chbar Ampov, Phnom Penh",4,4
Shophouse,"$230,000"," Chroy Changvar, Chroy Changvar, Phnom Penh",5,5
Shophouse,"$360,000"," Chroy Changvar, Chroy Changvar, Phnom Penh",5,5
Shophouse,"$270,000"," Chroy Changvar, Chroy Changvar, Phnom Penh",²,²
Shophouse,"$670,000"," BKK 3, Chamkarmon, Phnom Penh",4,4
House,"$395,000"," Chroy Changvar, Chroy Changvar, Phnom Penh",2,2
House,"$960,000"," Chroy Changvar, Chroy Changvar, Phnom Penh",²,²
Shophouse,"$9,207,000"," Chroy Changvar, Chroy Changvar, Phnom Penh",4,4
Link House,"$100,000"," Chaom Chau 1, Por Sen Chey, Phnom Penh",4,4
Villa,"$550,000"," Boeung Kak 2, Toul Kork, Phnom Penh",5,5
Villa,"$160,000"," Krang Thnong, Sen Sok, Phnom Penh",4,4
Shophouse,"$155,000","2 25m, Chaom Chau 1, Por Sen Chey, Phnom Penh",5,5
House,"$40,000","Mittapheap, 7 Makara, Phnom Penh",2,2
Link House,"$240,000"," Phnom Penh Thmey, Sen Sok, Phnom Penh",4,4
Shophouse,"$285,000"," Kakab 1, Por Sen Chey, Phnom Penh",²,²
Villa,"$198,000","Meanchey, Phnom Penh",4,4
House,"$55,000"," Phsar Kandal II, Daun Penh, Phnom Penh",1,1
House,"$80,000"," Tuol Sangke, Russey Keo, Phnom Penh",4,4
Villa,"$1,490,600"," Boeung Kak 2, Toul Kork, Phnom Penh",4,4
House,"$82,000","Mittapheap, 7 Makara, Phnom Penh",2,2
Shophouse,"$185,000"," Preaek Lieb, Chroy Changvar, Phnom Penh",4,4
House,"$75,000","Por Sen Chey, Phnom Penh",3,3
Villa,"$95,000","25m, Chaom Chau 1, Por Sen Chey, Phnom Penh",5,5
House,"$61,000","Dangkao, Dangkao, Phnom Penh",2,2
Villa,"$1,000,000"," Nirouth, Chbar Ampov, Phnom Penh",5,5
Link House,"$165,000"," Chrang Chamres I, Russey Keo, Phnom Penh",²,²
House,"$3,060,000"," BKK 1, Chamkarmon, Phnom Penh",²,²
Villa,"$10,000,000"," BKK 1, Chamkarmon, Phnom Penh",²,²
Shophouse,"$550,000"," BKK 3, Chamkarmon, Phnom Penh",3,3
Shophouse,"$1,480,000"," Nirouth, Chbar Ampov, Phnom Penh",3,3
Shophouse,"$270,000"," Phnom Penh Thmey, Sen Sok, Phnom Penh",6,6
Shophouse,"$540,000"," Phsar Kandal I, Daun Penh, Phnom Penh",8,8
Shophouse,"$720,000"," Phsar Chas, Daun Penh, Phnom Penh",8,8
Shophouse,"$2,500,000"," BKK 1, Chamkarmon, Phnom Penh",²,²
House,"$53,000","Kamboul, Por Sen Chey, Phnom Penh",2,2
Villa,"$630,000"," Phnom Penh Thmey, Sen Sok, Phnom Penh",5,5
House,"$149,500"," Chroy Changvar, Chroy Changvar, Phnom Penh",3,3
Villa,"$978,000"," Chroy Changvar, Chroy Changvar, Phnom Penh",5,5
Shophouse,"$229,000"," Preaek Lieb, Chroy Changvar, Phnom Penh",5,5
House,"$94,000"," Phleung Chheh Roteh, Por Sen Chey, Phnom Penh",8,8
Twin Villa,"$189,000"," Chroy Changvar, Chroy Changvar, Phnom Penh",4,4
House,"$94,000","Kilomaetr Lekh Prammuoy, Russey Keo, Phnom Penh",2,2
Twin Villa,"$238,000"," Chroy Changvar, Chroy Changvar, Phnom Penh",5,5
House,"$65,000","Kamboul, Por Sen Chey, Phnom Penh",2,2
Shophouse,"$12,000"," Chak Angrae Leu, Meanchey, Phnom Penh",²,²
House,"$30,500","Phsar Depou I, Toul Kork, Phnom Penh",1,1
Shophouse,"$265,000"," Nirouth, Chbar Ampov, Phnom Penh",4,4
Shophouse,"$190,000","Preaek Pnov, Prek Pnov, Phnom Penh",5,5
House,"$75,000","Ponsang, Prek Pnov, Phnom Penh",2,2
House,"$350,000","Kakap, Por Sen Chey, Phnom Penh",5,5
Villa,"$1,100,000","Samraong Kraom, Por Sen Chey, Phnom Penh",5,5
House,"$148,000","Chaom Chau, Por Sen Chey, Phnom Penh",2,2
House,"$450,000"," Phnom Penh Thmey, Sen Sok, Phnom Penh",5,5
Link House,"$165,000","Preaek Lieb, Chroy Changvar, Phnom Penh",4,4
House,"$190,000","Chaom Chau 1, Por Sen Chey, Phnom Penh",4,4
House,"$6,500,000","Dangkao, Phnom Penh",3,3
House,"$145,000","Ovlaok, Por Sen Chey, Phnom Penh",4,4
House,"$215,000","Toul Tum Poung 1, Chamkarmon, Phnom Penh",3,3
House,"$260,000"," Preaek Kampues, Dangkao, Phnom Penh",4,4
Shophouse,"$190,000"," Preaek Pnov, Prek Pnov, Phnom Penh",4,4
Villa,"$72,500"," Chroy Changvar, Chroy Changvar, Phnom Penh",2,2
Villa,"$1,700,000"," Phnom Penh Thmey, Sen Sok, Phnom Penh",8,8
Villa,"$195,000"," Phnom Penh Thmey, Sen Sok, Phnom Penh",4,4
House,"$36,000"," Chakto Mukh, Daun Penh, Phnom Penh",1,1
Villa,"$258,000"," Prey Sa, Dangkao, Phnom Penh",4,4
Villa,"$259,000"," Tuek L'ak 1, Toul Kork, Phnom Penh",3,3
Villa,"$395,000"," Tuek L'ak 1, Toul Kork, Phnom Penh",3,3
Shophouse,"$540,000"," Phsar Kandal I, Daun Penh, Phnom Penh",8,8
Shophouse,"$160,000"," Nirouth, Chbar Ampov, Phnom Penh",8,8
House,"$59,999","Por Sen Chey, Phnom Penh",1,1
House,"$45,000","Chbar Ampov I, Chbar Ampov, Phnom Penh",2,2
Villa,"$1,660,000"," Tuol Sangke, Russey Keo, Phnom Penh",6,6
Villa,"$152,000","មហាវិថីឈ្នះ , Samraong Kraom, Por Sen Chey, Phnom Penh",4,4
House,"$319,000","Tuek Thla, Sen Sok, Phnom Penh",4,4
Villa,"$64,000"," Krang Pongro, Dangkao, Phnom Penh",4,4
Villa,"$167,000"," Nirouth, Chbar Ampov, Phnom Penh",4,4
Villa,"$97,000"," Krang Pongro, Dangkao, Phnom Penh",4,4
House,"$110,000","Dangkao, Dangkao, Phnom Penh",3,3
Shophouse,"$140,000","23 1A, Spean Thma, Dangkao, Phnom Penh",5,5
Shophouse,"$140,000","1A 23, Spean Thma, Dangkao, Phnom Penh",5,5
Link House,"$149,000"," Bak Kaeng, Chroy Changvar, Phnom Penh",3,3
Villa,"$768,000"," Phnom Penh Thmey, Sen Sok, Phnom Penh",8,8
House,"$155,000","Kakab 1, Por Sen Chey, Phnom Penh",2,2
House,"$90,000","Krang Thnong, Sen Sok, Phnom Penh",2,2
House,"$280,000","Khmuonh, Sen Sok, Phnom Penh",5,5
House,"$93,555","Dangkao, Dangkao, Phnom Penh",2,2
House,"$148,000"," Nirouth, Chbar Ampov, Phnom Penh",2,2
House,"$95,000"," Kouk Roka, Prek Pnov, Phnom Penh",4,4
Villa,"$550,000"," Preaek Lieb, Chroy Changvar, Phnom Penh",5,5
House,"$135,000","Boeung Tumpun 1, Meanchey, Phnom Penh",5,5
Villa,"$99,000","Snaor, Por Sen Chey, Phnom Penh",3,3
Shophouse,"$313,000"," Nirouth, Chbar Ampov, Phnom Penh",4,4
Shophouse,"$152,000"," Nirouth, Chbar Ampov, Phnom Penh",4,4
Shophouse,"$147,000"," Nirouth, Chbar Ampov, Phnom Penh",4,4
Shophouse,"$125,000"," Nirouth, Chbar Ampov, Phnom Penh",4,4
Villa,"$193,000"," Nirouth, Chbar Ampov, Phnom Penh",4,4
Villa,"$159,500"," Nirouth, Chbar Ampov, Phnom Penh",4,4
Villa,"$118,000"," Nirouth, Chbar Ampov, Phnom Penh",3,3
Villa,"$108,000"," Nirouth, Chbar Ampov, Phnom Penh",3,3
Villa,"$97,000"," Nirouth, Chbar Ampov, Phnom Penh",2,2
Villa,"$170,000"," Preaek Aeng, Chbar Ampov, Phnom Penh",4,4
Villa,"$99,000"," Preaek Aeng, Chbar Ampov, Phnom Penh",4,4
Villa,"$85,000"," Nirouth, Chbar Ampov, Phnom Penh",3,3
Villa,"$570,000","Phnom Penh Thmey, Sen Sok, Phnom Penh",5,5
Villa,"$179,000"," Stueng Mean chey, Meanchey, Phnom Penh",4,4
House,"$565,000"," Tuol Sangkae 1, Russey Keo, Phnom Penh",1,1
House,"$48,500","Dangkao, Phnom Penh",2,2
House,"$123,500"," Tuol Sangkae 2, Russey Keo, Phnom Penh",4,4
House,"$148,500","Kakap, Por Sen Chey, Phnom Penh",6,6
Villa,"$410,000","271 271, Boeung Trabek, Chamkarmon, Phnom Penh",7,7
House,"$73,000","Kamboul, Por Sen Chey, Phnom Penh",2,2
House,"$125,000","Olympic, Chamkarmon, Phnom Penh",4,4
House,"$600,000","Tonle Bassac, Chamkarmon, Phnom Penh",4,4
Villa,"$175,000"," Stueng Mean chey, Meanchey, Phnom Penh",4,4
House,"$180,000","Chbar Ampov I, Chbar Ampov, Phnom Penh",3,3
House,"$75,000","Sen Sok, Phnom Penh",2,2
House,"$115,000","Meanchey, Phnom Penh",4,4
House,"$149,000"," Phnom Penh Thmey, Sen Sok, Phnom Penh",2,2
Shophouse,"$209,000"," Chroy Changvar, Chroy Changvar, Phnom Penh",4,4
House,"$55,000"," Preaek Lieb, Chroy Changvar, Phnom Penh",3,3
Shophouse,"$230,000"," Chroy Changvar, Chroy Changvar, Phnom Penh",4,4
Villa,"$530,000"," Chrang Chamres I, Russey Keo, Phnom Penh",5,5
Villa,"$545,000"," Chrang Chamres 2, Russey Keo, Phnom Penh",6,6
House,"$118,333","Kakab 1, Por Sen Chey, Phnom Penh",3,3
Villa,"$1,095,000"," Phnom Penh Thmey, Sen Sok, Phnom Penh",6,6
Villa,"$2,700,000"," Cheung Aek, Dangkao, Phnom Penh",6,6
House,"$215,000","Bak Kaeng, Chroy Changvar, Phnom Penh",4,4
House,"$260,000","Boeung Salang, Toul Kork, Phnom Penh",3,3
House,"$299,999","Boeung Tumpun 2, Meanchey, Phnom Penh",²,²
Villa,"$195,000"," Stueng Mean chey, Meanchey, Phnom Penh",4,4
Twin Villa,"$270,000"," Chroy Changvar, Chroy Changvar, Phnom Penh",4,4
Villa,"$125,000"," Preaek Aeng, Chbar Ampov, Phnom Penh",4,4
Twin Villa,"$268,000"," Phnom Penh Thmey, Sen Sok, Phnom Penh",4,4
House,"$219,900"," Dangkao, Dangkao, Phnom Penh",4,4
House,"$230,000"," Stueng Mean chey, Meanchey, Phnom Penh",3,3
Villa,"$835,000"," Dangkao, Dangkao, Phnom Penh",5,5
House,"$249,000","Wat Phnom, Daun Penh, Phnom Penh",3,3
Villa,"$990,000","Twin road 20m 348, Chrang Chamres I, Russey Keo, Phnom Penh",8,8
Villa,"$580,000","Tiger Street 114, Preaek Aeng, Chbar Ampov, Phnom Penh",8,8
House,"$58,000","Kakap, Por Sen Chey, Phnom Penh",2,2
House,"$230,000","Tuol Sangkae 1, Russey Keo, Phnom Penh",6,6
House,"$1,100,000","371 371, Boeung Tumpun, Meanchey, Phnom Penh",8,8
Villa,"$5,500,000"," Nirouth, Chbar Ampov, Phnom Penh",9,9
Shophouse,"$350,000","Market Chhuk Meas, St. B 26, Kakab 1, Por Sen Chey, Phnom Penh",5,5
House,"$1,500,000","BKK 1, Chamkarmon, Phnom Penh",7,7
House,"$190,000","Olympic, Chamkarmon, Phnom Penh",2,2
Villa,"$1,500,000","113, Boeung Prolit, 7 Makara, Phnom Penh",1,1
House,"$65,000"," Cheung Aek, Dangkao, Phnom Penh",1,1
Link House,"$127,000"," Svay Pak, Russey Keo, Phnom Penh",2,2
Project,," Chak Angrae Kraom, Meanchey, Phnom Penh",8,8
House,"$119,900"," Trapeang Krasang, Por Sen Chey, Phnom Penh",4,4
Villa,"$549,900"," Dangkao, Dangkao, Phnom Penh",5,5
Villa,"$95,000"," Krang Thnong, Sen Sok, Phnom Penh",3,3
House,"$425,000","Tonle Bassac, Chamkarmon, Phnom Penh",4,4
Link House,"$89,000"," Chaom Chau 1, Por Sen Chey, Phnom Penh",4,4
Villa,"$180,000"," Kamboul, Por Sen Chey, Phnom Penh",4,4
Twin Villa,"$734,000"," Phnom Penh Thmey, Sen Sok, Phnom Penh",8,8
Twin Villa,"$475,000"," Dangkao, Dangkao, Phnom Penh",4,4
Villa,"$245,000"," Tuol Sangkae 2, Russey Keo, Phnom Penh",4,4
Villa,"$185,000"," Chrang Chamres I, Russey Keo, Phnom Penh",4,4
Villa,"$1,300,000"," Tuol Sangkae 2, Russey Keo, Phnom Penh",7,7
Villa,"$229,900"," Phnom Penh Thmey, Sen Sok, Phnom Penh",4,4
Twin Villa,"$325,000"," Dangkao, Dangkao, Phnom Penh",4,4
House,"$360,000"," Stueng Mean chey, Meanchey, Phnom Penh",3,3
House,"$62,800"," Chaom Chau 2, Por Sen Chey, Phnom Penh",2,2
Villa,"$2,040,000","Boeung Kak 2, Toul Kork, Phnom Penh",5,5
Twin Villa,"$480,000","Nirouth, Chbar Ampov, Phnom Penh",4,4
Twin Villa,"$265,000","Phnom Penh Thmey, Sen Sok, Phnom Penh",4,4
Villa,"$420,000","Prey Sa, Dangkao, Phnom Penh",7,7
Twin Villa,"$540,000"," Chak Angrae Kraom, Meanchey, Phnom Penh",4,4
Twin Villa,"$450,000"," Chak Angrae Kraom, Meanchey, Phnom Penh",4,4
Twin Villa,"$545,000"," Chak Angrae Kraom, Meanchey, Phnom Penh",4,4
Twin Villa,"$425,000"," Chak Angrae Kraom, Meanchey, Phnom Penh",4,4
Villa,"$1,800,000"," Chak Angrae Kraom, Meanchey, Phnom Penh",6,6
Twin Villa,"$455,000","Chak Angrae Kraom, Meanchey, Phnom Penh",4,4
House,"$180,000","21 បេតុង, Boeung Tumpun, Meanchey, Phnom Penh",7,7
Twin Villa,"$350,000"," Dangkao, Dangkao, Phnom Penh",4,4
Villa,"$319,900"," Khmuonh, Sen Sok, Phnom Penh",6,6
Shophouse,"$99,900"," Chroy Changvar, Chroy Changvar, Phnom Penh",4,4
Shophouse,"$180,000"," Preaek Pnov, Prek Pnov, Phnom Penh",4,4
Villa,"$2,200,000","Boeung Kak 2, Toul Kork, Phnom Penh",4,4
Shophouse,"$4,500,000"," Chakto Mukh, Daun Penh, Phnom Penh",8,8
Twin Villa,"$300,000"," Chrang Chamres I, Russey Keo, Phnom Penh",4,4
House,"$349,500"," Khmuonh, Sen Sok, Phnom Penh",0,0
House,"$599,900"," Boeung Tumpun, Meanchey, Phnom Penh",4,4
Twin Villa,"$305,000"," Phnom Penh Thmey, Sen Sok, Phnom Penh",4,4
Villa,"$239,900"," Phnom Penh Thmey, Sen Sok, Phnom Penh",4,4
Villa,"$350,000","104 D, Dangkao, Dangkao, Phnom Penh",4,4
House,"$220,000","105 105, Krang Thnong, Sen Sok, Phnom Penh",²,²
Villa,"$2,250,000","Veal Sbov, Chbar Ampov, Phnom Penh",5,5
House,"$270,000","Boeung Trabek, Chamkarmon, Phnom Penh",4,4
Shophouse,"$220,000"," P08, Preaek Lieb, Chroy Changvar, Phnom Penh",4,4
Link HousePOA,POA,"Chrang Chamres 2, Russey Keo, Phnom Penh",4,4
House,"$1,400,000","Phsar Daeum Thkov, Chamkarmon, Phnom Penh",9,9
House,"$180,000"," Ou Baek K'am, Sen Sok, Phnom Penh",8,8
House,"$310,000"," Dangkao, Dangkao, Phnom Penh",3,3
Villa,"$1,100,000","Norodom Blvd 41 Preah, Tonle Bassac, Chamkarmon, Phnom Penh",5,5
Villa,"$1,700,000","PreahNorodom BLVD 41, Tonle Bassac, Chamkarmon, Phnom Penh",5,5
House,"$390,000","Chakto Mukh, Daun Penh, Phnom Penh",3,3
House,"$400,000","Boeung Trabek, Chamkarmon, Phnom Penh",7,7
House,"$400,000","Boeung Trabek, Chamkarmon, Phnom Penh",7,7
House,"$320,000","Stueng Mean chey, Meanchey, Phnom Penh",8,8
House,"$299,900"," Kakap, Por Sen Chey, Phnom Penh",4,4
Shophouse,"$135,000"," Kamboul, Por Sen Chey, Phnom Penh",4,4
Shophouse,"$750,000","Chak Angrae Kraom, Meanchey, Phnom Penh",5,5
House,"$510,000","390 390, BKK 3, Chamkarmon, Phnom Penh",²,²
Villa,"$5,700,000"," Nirouth, Chbar Ampov, Phnom Penh",9,9
Villa,"$5,700,000"," Nirouth, Chbar Ampov, Phnom Penh",9,9
Twin Villa,"$450,000","2004 , Ou Baek K'am, Sen Sok, Phnom Penh",4,4
Twin Villa,"$400,000","2004 , Ou Baek K'am, Sen Sok, Phnom Penh",4,4
Link House,"$405,000","Chak Angrae Kraom, Meanchey, Phnom Penh",4,4
House,"$288,000","Toul Tum Poung 1, Chamkarmon, Phnom Penh",7,7
House,"$280,000","Pong Tuek, Dangkao, Phnom Penh",6,6
Shophouse,"$300,000","Toul PongRo Toul PongRo, Prey Sa, Dangkao, Phnom Penh",5,5
Villa,"$980,000","Cheung Aek, Dangkao, Phnom Penh",5,5
Villa,"$780,000","Nirouth, Chbar Ampov, Phnom Penh",5,5
Twin Villa,"$350,000","Nirouth, Chbar Ampov, Phnom Penh",4,4
Villa,"$889,000"," Tuol Sangkae 2, Russey Keo, Phnom Penh",6,6
Twin Villa,"$304,000"," Phnom Penh Thmey, Sen Sok, Phnom Penh",4,4
Villa,"$520,000","Chak Angrae Kraom, Meanchey, Phnom Penh",5,5
Twin Villa,"$340,000","Cheung Aek, Dangkao, Phnom Penh",5,5
Twin Villa,"$294,900"," Tuek Thla, Sen Sok, Phnom Penh",4,4
Link House,"$290,000","Tuek Thla, Sen Sok, Phnom Penh",3,3
Twin Villa,"$409,000"," Nirouth, Chbar Ampov, Phnom Penh",5,5
Villa,"$235,000"," Stueng Mean chey, Meanchey, Phnom Penh",4,4
Villa,"$62,000"," Samraong Kraom, Por Sen Chey, Phnom Penh",2,2
Villa,"$185,000"," Nirouth, Chbar Ampov, Phnom Penh",4,4
Villa,"$203,000"," Phnom Penh Thmey, Sen Sok, Phnom Penh",4,4
Villa,"$6,934,500","Chroy Changvar, Chroy Changvar, Phnom Penh",1,1
House,"$440,000","Veal Vong, 7 Makara, Phnom Penh",2,2
House,"$400,000","BKK 3, Chamkarmon, Phnom Penh",6,6
Villa,"$870,000"," Phsar Daeum Kor, Toul Kork, Phnom Penh",3,3
Villa,"$1,100,000"," Ou Baek K'am, Sen Sok, Phnom Penh",5,5
House,"$125,000","Boeung Tumpun, Meanchey, Phnom Penh",5,5
Shophouse,"$365,000","Chak Angrae Kraom, Meanchey, Phnom Penh",4,4
Shophouse,"$253,000"," Chbar Ampov I, Chbar Ampov, Phnom Penh",4,4
Shophouse,"$162,000"," Phnom Penh Thmey, Sen Sok, Phnom Penh",3,3
Villa,"$990,000"," Phnom Penh Thmey, Sen Sok, Phnom Penh",5,5
Twin Villa,"$309,000"," Krang Thnong, Sen Sok, Phnom Penh",4,4
Shophouse,"$399,500"," Krang Thnong, Sen Sok, Phnom Penh",7,7
Shophouse,"$225,000"," Krang Thnong, Sen Sok, Phnom Penh",4,4
Villa,"$114,000"," Krang Thnong, Sen Sok, Phnom Penh",3,3
Villa,"$205,000"," Kouk Khleang, Sen Sok, Phnom Penh",4,4
Villa,"$89,900"," Dangkao, Dangkao, Phnom Penh",4,4
House,"$68,000"," Nirouth, Chbar Ampov, Phnom Penh",2,2
Twin Villa,"$235,000","Stueng Mean chey 2, Meanchey, Phnom Penh",4,4
Twin Villa,"$340,000","Cheung Aek, Dangkao, Phnom Penh",²,²
Shophouse,"$176,500"," Dangkao, Dangkao, Phnom Penh",4,4
Link House,"$110,000","sab 12 Tonle, Chroy Changvar, Chroy Changvar, Phnom Penh",E,E
Twin Villa,"$290,000"," Chrang Chamres I, Russey Keo, Phnom Penh",4,4
Villa,"$185,000"," Stueng Mean chey, Meanchey, Phnom Penh",3,3
Twin Villa,"$385,000"," Stueng Mean chey, Meanchey, Phnom Penh",4,4
Villa,"$1,300,000"," Stueng Mean chey, Meanchey, Phnom Penh",5,5
Villa,"$1,250,000"," Stueng Mean chey, Meanchey, Phnom Penh",5,5
Twin Villa,"$250,000"," Dangkao, Dangkao, Phnom Penh",5,5
Villa,"$4,990,000","Kbal Kaoh, Chbar Ampov, Phnom Penh",5,5
Villa,"$950,000"," Chrang Chamres I, Russey Keo, Phnom Penh",6,6
Villa,"$920,000"," Chrang Chamres I, Russey Keo, Phnom Penh",6,6
Link House,"$118,000"," Chrang Chamres I, Russey Keo, Phnom Penh",6,6
Twin Villa,"$329,900"," Khmuonh, Sen Sok, Phnom Penh",4,4
Link House,"$130,000"," Chrang Chamres I, Russey Keo, Phnom Penh",3,3
Link House,"$120,000"," Chrang Chamres I, Russey Keo, Phnom Penh",3,3
Link House,"$135,000","114 st114, Preaek Aeng, Chbar Ampov, Phnom Penh",4,4
Villa,"$185,000"," Chroy Changvar, Chroy Changvar, Phnom Penh",4,4
Link House,"$185,000"," Chrang Chamres I, Russey Keo, Phnom Penh",4,4
Twin Villa,"$400,000"," Nirouth, Chbar Ampov, Phnom Penh",4,4
Villa,"$2,500,000","Toul Tum Poung 1, Chamkarmon, Phnom Penh",4,4
Shophouse,"$650,000","185 វេងស្រេង, Chaom Chau 2, Por Sen Chey, Phnom Penh",3,3
Twin Villa,"$255,000"," Chroy Changvar, Chroy Changvar, Phnom Penh",4,4
Villa,"$205,000"," Phnom Penh Thmey, Sen Sok, Phnom Penh",4,4
Shophouse,"$162,000"," Khmuonh, Sen Sok, Phnom Penh",3,3
Shophouse,"$285,000"," Ou Baek K'am, Sen Sok, Phnom Penh",4,4
Villa,"$205,000"," Phnom Penh Thmey, Sen Sok, Phnom Penh",4,4
Link House,"$185,000"," Chrang Chamres I, Russey Keo, Phnom Penh",4,4
Link House,"$100,000"," Chrang Chamres I, Russey Keo, Phnom Penh",3,3
Shophouse,"$550,000","150 , Tuek L'ak 2, Toul Kork, Phnom Penh",6,6
Villa,"$355,000"," Cheung Aek, Dangkao, Phnom Penh",4,4
Project,,"  , Tuol Sangkae 1, Russey Keo, Phnom Penh",7,7
Shophouse,"$280,000"," Dangkao, Dangkao, Phnom Penh",4,4
Shophouse,"$93,000","1 1, Chroy Changvar, Chroy Changvar, Phnom Penh",6,6
Shophouse,"$175,000"," Svay Pak, Russey Keo, Phnom Penh",6,6
Villa,"$162,000"," Nirouth, Chbar Ampov, Phnom Penh",4,4
House,"$1,500,000"," Nirouth, Chbar Ampov, Phnom Penh",5,5
Shophouse,"$175,000","Preaek Pnov, Prek Pnov, Phnom Penh",4,4
Villa,"$688,000"," Phnom Penh Thmey, Sen Sok, Phnom Penh",4,4
Villa,"$550,000"," Phnom Penh Thmey, Sen Sok, Phnom Penh",4,4
Shophouse,"$335,000"," Dangkao, Dangkao, Phnom Penh",6,6
Twin Villa,"$330,000","Cheasophara 598, Tuol Sangkae 1, Russey Keo, Phnom Penh",4,4
Twin Villa,"$275,000","Cheasophara 598, Tuol Sangkae 1, Russey Keo, Phnom Penh",4,4
Villa,"$117,000"," Prey Sa, Dangkao, Phnom Penh",4,4
Twin Villa,"$450,000"," Chrang Chamres I, Russey Keo, Phnom Penh",4,4
Twin Villa,"$275,000"," Chrang Chamres I, Russey Keo, Phnom Penh",4,4
Villa,"$107,000"," Tuol Sangke, Russey Keo, Phnom Penh",2,2
Villa,"$118,000"," Bak Kaeng, Chroy Changvar, Phnom Penh",3,3
Villa,"$148,000"," Tuol Sangke, Russey Keo, Phnom Penh",4,4
Villa,"$155,000"," Stueng Mean chey, Meanchey, Phnom Penh",3,3
Shophouse,"$345,000"," Dangkao, Dangkao, Phnom Penh",6,6
Villa,"$118,000"," Tuol Sangke, Russey Keo, Phnom Penh",2,2
Twin Villa,"$265,000"," Dangkao, Dangkao, Phnom Penh",4,4
Villa,"$1,950,000"," Nirouth, Chbar Ampov, Phnom Penh",6,6
Villa,$18/m²,"ហាណូយ 000, Phnom Penh Thmey, Sen Sok, Phnom Penh",5,5
Twin Villa,"$285,000"," St.50m , Cheung Aek, Dangkao, Phnom Penh",4,4
Twin Villa,"$330,000","Cheasophara 598, Chrang Chamres I, Russey Keo, Phnom Penh",4,4
Twin Villa,"$319,800"," Krang Thnong, Sen Sok, Phnom Penh",4,4
Twin Villa,"$2,400,000"," Nirouth, Chbar Ampov, Phnom Penh",6,6
Villa,"$159,000"," Chroy Changvar, Chroy Changvar, Phnom Penh",4,4
Twin Villa,"$282,000"," Krang Pongro, Dangkao, Phnom Penh",5,5
Villa,"$179,000"," Stueng Mean chey, Meanchey, Phnom Penh",4,4
Twin Villa,"$409,000"," Nirouth, Chbar Ampov, Phnom Penh",5,5
Twin Villa,"$290,000"," Dangkao, Dangkao, Phnom Penh",4,4
Shophouse,"$139,900"," Chaom Chau, Por Sen Chey, Phnom Penh",4,4
Shophouse,"$260,000","Nirouth, Chbar Ampov, Phnom Penh",5,5
Shophouse,"$260,000","Nirouth, Chbar Ampov, Phnom Penh",4,4
Shophouse,"$32,460,000"," Chakto Mukh, Daun Penh, Phnom Penh",4,4
Shophouse,"$230,000","Cheasophara 598, Chrang Chamres I, Russey Keo, Phnom Penh",4,4
Link House,"$248,000"," Preaek Aeng, Chbar Ampov, Phnom Penh",4,4
Villa,"$980,000"," Boeung Kak 2, Toul Kork, Phnom Penh",7,7
Twin Villa,"$350,000"," Nirouth, Chbar Ampov, Phnom Penh",4,4
Twin Villa,"$370,000"," Nirouth, Chbar Ampov, Phnom Penh",4,4
Villa,"$2,000,000"," Boeung Trabek, Chamkarmon, Phnom Penh",6,6
Villa,"$240,000"," Chak Angrae Kraom, Meanchey, Phnom Penh",5,5
House,"$187,000","Try Heng 2011, Krang Thnong, Sen Sok, Phnom Penh",4,4
Villa,"$205,000"," Phnom Penh Thmey, Sen Sok, Phnom Penh",4,4
Shophouse,"$120,000"," Dangkao, Dangkao, Phnom Penh",4,4
Villa,"$1,100,000","Cheasophara 598, Chrang Chamres I, Russey Keo, Phnom Penh",6,6
Twin Villa,"$475,000"," Dangkao, Dangkao, Phnom Penh",4,4
Shophouse,"$239,000"," Tuol Sangke, Russey Keo, Phnom Penh",5,5
House,"$280,000"," 335, Boeung Kak 2, Toul Kork, Phnom Penh",5,5
House,"$470,000","Hunsen 60m Samdach, Chak Angrae Kraom, Meanchey, Phnom Penh",5,5
Villa,"$3,950,000"," Preaek Aeng, Chbar Ampov, Phnom Penh",7,7
Villa,"$209,000"," Ou Baek K'am, Sen Sok, Phnom Penh",4,4
Villa,"$119,900"," Preaek Aeng, Chbar Ampov, Phnom Penh",4,4
Villa,"$395,000"," Stueng Mean chey, Meanchey, Phnom Penh",4,4
Villa,"$65,000"," Preaek Pnov, Prek Pnov, Phnom Penh",4,4
Villa,"$108,000"," Chaom Chau, Por Sen Chey, Phnom Penh",3,3
Shophouse,"$187,000","Nirouth, Chbar Ampov, Phnom Penh",4,4
Shophouse,"$157,000"," Kamboul, Por Sen Chey, Phnom Penh",4,4
Twin Villa,"$329,000"," Khmuonh, Sen Sok, Phnom Penh",4,4
Twin Villa,"$294,900"," Tuek Thla, Sen Sok, Phnom Penh",4,4
House,"$83,000","Tuek L'ak 3, Toul Kork, Phnom Penh",5,5
Villa,"$320,000"," Nirouth, Chbar Ampov, Phnom Penh",4,4
Villa,"$5,000,000","Tuol Sangkae 2, Russey Keo, Phnom Penh",7,7
Villa,"$420,000"," Phnom Penh Thmey, Sen Sok, Phnom Penh",3,3
House,"$40,000"," 15 , Preaek Kampues, Dangkao, Phnom Penh",2,2
House,"$219,500","P05 5, Phnom Penh Thmey, Sen Sok, Phnom Penh",4,4
ShophousePOA,POA," 199 , Toul Svay Prey 2, Chamkarmon, Phnom Penh",1,1
Villa,"$165,000"," Chroy Changvar, Chroy Changvar, Phnom Penh",4,4
Villa,"$105,000"," Tuol Sangke, Russey Keo, Phnom Penh",2,2
Villa,"$99,000"," Tuol Sangke, Russey Keo, Phnom Penh",3,3
Twin Villa,"$3,200,000","Boeng Reang, Daun Penh, Phnom Penh",9,9
Villa,"$3,500,000"," Tonle Bassac, Chamkarmon, Phnom Penh",5,5
Shophouse,"$380,000","Toul Tum Poung 1, Chamkarmon, Phnom Penh",4,4
Twin Villa,"$428,000"," Dangkao, Dangkao, Phnom Penh",4,4
Villa,"$215,000"," Chroy Changvar, Chroy Changvar, Phnom Penh",4,4
Twin Villa,"$269,000"," Dangkao, Dangkao, Phnom Penh",4,4
Villa,"$899,900"," Phnom Penh Thmey, Sen Sok, Phnom Penh",4,4
Villa,"$179,000"," Stueng Mean chey, Meanchey, Phnom Penh",4,4
Twin Villa,"$285,000"," Dangkao, Dangkao, Phnom Penh",4,4
Twin Villa,"$259,900"," Dangkao, Dangkao, Phnom Penh",5,5
Shophouse,"$185,000"," Svay Pak, Russey Keo, Phnom Penh",6,6
Villa,"$1,300,000"," Phsar Daeum Thkov, Chamkarmon, Phnom Penh",6,6
Link House,"$95,000","81 190, Stueng Mean chey 1, Meanchey, Phnom Penh",6,6
Twin Villa,"$250,000"," Chrang Chamres I, Russey Keo, Phnom Penh",4,4
Villa,"$1,500,000"," Boeung Tumpun, Meanchey, Phnom Penh",8,8
Villa,"$850,000"," Boeung Tumpun, Meanchey, Phnom Penh",3,3
Link House,"$165,000","4 27 លេខ, Stueng Mean chey 3, Meanchey, Phnom Penh",5,5
Twin Villa,"$295,000"," Chrang Chamres I, Russey Keo, Phnom Penh",5,5
Link House,"$165,000","លេខ 4 27, Stueng Mean chey 3, Meanchey, Phnom Penh",5,5
Villa,"$219,900"," Krang Thnong, Sen Sok, Phnom Penh",4,4
Villa,"$230,000"," Dangkao, Dangkao, Phnom Penh",4,4
Twin Villa,"$420,000"," Nirouth, Chbar Ampov, Phnom Penh",6,6
Shophouse,"$110,000"," Chroy Changvar, Chroy Changvar, Phnom Penh",4,4
Villa,"$280,000"," Chak Angrae Leu, Meanchey, Phnom Penh",4,4
Villa,"$850,000"," Tuek Thla, Sen Sok, Phnom Penh",6,6
Shophouse,"$250,000"," Prey Sa, Dangkao, Phnom Penh",4,4
Twin Villa,"$260,000"," Preaek Kampues, Dangkao, Phnom Penh",4,4
Villa,"$180,000"," Nirouth, Chbar Ampov, Phnom Penh",3,3
House,"$265,000"," Khmuonh, Sen Sok, Phnom Penh",4,4
Villa,"$2,000,000"," Tonle Bassac, Chamkarmon, Phnom Penh",4,4
House,"$255,000"," Khmuonh, Sen Sok, Phnom Penh",4,4
Shophouse,"$1,100,000","BKK 1, Chamkarmon, Phnom Penh",5,5
Shophouse,"$200,000","BKK 2, Chamkarmon, Phnom Penh",1,1
Shophouse,"$11,000,000","BKK 1, Chamkarmon, Phnom Penh",4,4
Shophouse,"$149,900"," Chaom Chau, Por Sen Chey, Phnom Penh",4,4
Twin Villa,"$419,000"," Kouk Khleang, Sen Sok, Phnom Penh",4,4
Twin Villa,"$319,500"," Kouk Khleang, Sen Sok, Phnom Penh",4,4
Twin Villa,"$388,000"," Krang Thnong, Sen Sok, Phnom Penh",4,4
Villa,"$160,000"," Krang Thnong, Sen Sok, Phnom Penh",4,4
Villa,"$1,449,900"," Kouk Khleang, Sen Sok, Phnom Penh",4,4
Villa,"$112,000"," Chroy Changvar, Chroy Changvar, Phnom Penh",3,3
Villa,"$835,000"," Dangkao, Dangkao, Phnom Penh",5,5
Shophouse,"$1,848,000"," Boeng Reang, Daun Penh, Phnom Penh",4,4
Twin Villa,"$690,000"," Nirouth, Chbar Ampov, Phnom Penh",8,8
Villa,"$116,000"," Tuol Sangke, Russey Keo, Phnom Penh",3,3
House,"$365,000"," Stueng Mean chey, Meanchey, Phnom Penh",2,2
Shophouse,"$209,000"," Chroy Changvar, Chroy Changvar, Phnom Penh",4,4
Villa,"$105,000"," Spean Thma, Dangkao, Phnom Penh",3,3
Shophouse,"$160,000"," Boeung Tumpun, Meanchey, Phnom Penh",4,4
House,"$55,000"," Dangkao, Dangkao, Phnom Penh",2,2
Twin Villa,"$330,000"," Chrang Chamres I, Russey Keo, Phnom Penh",4,4
Villa,"$870,000"," Nirouth, Chbar Ampov, Phnom Penh",5,5
Villa,"$145,000"," Preaek Kampues, Dangkao, Phnom Penh",3,3
Villa,"$166,000"," Preaek Kampues, Dangkao, Phnom Penh",3,3
Villa,"$265,000","Preaek Aeng, Chbar Ampov, Phnom Penh",3,3
Villa,"$390,000"," Boeung Kak 1, Toul Kork, Phnom Penh",5,5
Twin Villa,"$390,000"," Nirouth, Chbar Ampov, Phnom Penh",4,4
Villa,"$175,000"," Khmuonh, Sen Sok, Phnom Penh",4,4
Shophouse,"$119,900"," Kamboul, Por Sen Chey, Phnom Penh",4,4
Villa,"$425,000","Nirouth, Chbar Ampov, Phnom Penh",4,4
Villa,"$530,000"," Chaom Chau, Por Sen Chey, Phnom Penh",7,7
House,"$330,000","101 101, Boeung Trabek, Chamkarmon, Phnom Penh",3,3
Twin Villa,"$470,000"," Dangkao, Dangkao, Phnom Penh",4,4
Villa,"$235,000"," Ou Baek K'am, Sen Sok, Phnom Penh",4,4
Villa,"$700,000","Boeung Salang, Toul Kork, Phnom Penh",4,4
Villa,"$2,500,000"," Toul Tum Poung 1, Chamkarmon, Phnom Penh",4,4
Villa,"$310,000"," Nirouth, Chbar Ampov, Phnom Penh",4,4
Twin Villa,"$328,000"," Khmuonh, Sen Sok, Phnom Penh",4,4
Villa,"$4,000,000"," BKK 1, Chamkarmon, Phnom Penh",1,1
Twin Villa,"$258,000"," Bak Kaeng, Chroy Changvar, Phnom Penh",4,4
Twin Villa,"$275,000"," Chroy Changvar, Chroy Changvar, Phnom Penh",4,4
Shophouse,"$349,900"," Krang Thnong, Sen Sok, Phnom Penh",4,4
Villa,"$105,000"," Dangkao, Dangkao, Phnom Penh",4,4
House,"$160,000"," Chroy Changvar, Chroy Changvar, Phnom Penh",3,3
Shophouse,"$1,000,000","BKK 1, Chamkarmon, Phnom Penh",3,3
House,"$1,675,800"," BKK 1, Chamkarmon, Phnom Penh",2,2
Shophouse,"$1,100,000"," BKK 1, Chamkarmon, Phnom Penh",4,4
Villa,"$669,000","Krang Thnong, Sen Sok, Phnom Penh",6,6
House,"$1,300,000"," Chakto Mukh, Daun Penh, Phnom Penh",6,6
House,"$280,000","Phsar Chas, Daun Penh, Phnom Penh",4,4
Villa,"$2,800,000"," Boeng Reang, Daun Penh, Phnom Penh",4,4
Villa,"$2,800,000","Boeng Reang, Daun Penh, Phnom Penh",4,4
Villa,"$75,000"," Chaom Chau, Por Sen Chey, Phnom Penh",2,2
Villa,"$410,000"," Prey Sa, Dangkao, Phnom Penh",5,5
Villa,"$395,000"," Russey Keo, Russey Keo, Phnom Penh",4,4
Twin Villa,"$275,000"," Phnom Penh Thmey, Sen Sok, Phnom Penh",4,4
Shophouse,"$185,000","Preaek Ta Sek, Chroy Changvar, Phnom Penh",5,5
Shophouse,"$185,000"," Preaek Ta Sek, Chroy Changvar, Phnom Penh",5,5
Shophouse,"$185,000"," Preaek Ta Sek, Chroy Changvar, Phnom Penh",5,5
Shophouse,"$1,500,000","Boeng Reang, Daun Penh, Phnom Penh",0,0
Shophouse,"$1,500,000","Boeng Reang, Daun Penh, Phnom Penh",0,0
House,"$105,000"," Chaom Chau, Por Sen Chey, Phnom Penh",4,4
Villa,"$182,000"," Phnom Penh Thmey, Sen Sok, Phnom Penh",3,3
Villa,"$580,000"," Nirouth, Chbar Ampov, Phnom Penh",4,4
Villa,"$250,000"," Khmuonh, Sen Sok, Phnom Penh",4,4
Villa,"$299,900"," Krang Thnong, Sen Sok, Phnom Penh",4,4
House,"$399,500"," Trapeang Krasang, Por Sen Chey, Phnom Penh",5,5
House,"$115,000"," Kamboul, Por Sen Chey, Phnom Penh",4,4
Villa,"$182,000"," Phnom Penh Thmey, Sen Sok, Phnom Penh",3,3
Shophouse,"$1,848,000","Boeng Reang, Daun Penh, Phnom Penh",4,4
Shophouse,"$930,000","BKK 1, Chamkarmon, Phnom Penh",0,0
Shophouse,"$185,000"," Preaek Ta Sek, Chroy Changvar, Phnom Penh",4,4
Shophouse,"$150,000","Nirouth, Chbar Ampov, Phnom Penh",5,5
Shophouse,"$1,675,800","BKK 1, Chamkarmon, Phnom Penh",5,5
Villa,"$349,000","Nirouth, Chbar Ampov, Phnom Penh",6,6
Villa,"$349,000","Nirouth, Chbar Ampov, Phnom Penh",6,6
Link House,"$110,000","ផ្លូវ183 13, Veal Sbov, Chbar Ampov, Phnom Penh",3,3
Link House,"$110,000","ផ្លូវ183 13, Veal Sbov, Chbar Ampov, Phnom Penh",3,3
Link House,"$110,000","ផ្លូវ183 13, Veal Sbov, Chbar Ampov, Phnom Penh",3,3
Twin Villa,"$420,000","Nirouth, Chbar Ampov, Phnom Penh",7,7
Twin Villa,"$319,500"," Khmuonh, Sen Sok, Phnom Penh",4,4
Twin Villa,"$195,000"," Krang Thnong, Sen Sok, Phnom Penh",4,4
Twin Villa,"$384,900"," Tuek Thla, Sen Sok, Phnom Penh",4,4
Villa,"$675,000"," Khmuonh, Sen Sok, Phnom Penh",5,5
Twin Villa,"$429,500"," Phnom Penh Thmey, Sen Sok, Phnom Penh",4,4
Twin Villa,"$319,500"," Khmuonh, Sen Sok, Phnom Penh",4,4
Villa,"$355,000"," Nirouth, Chbar Ampov, Phnom Penh",5,5
Twin Villa,"$180,000","Nirouth, Chbar Ampov, Phnom Penh",5,5
Shophouse,"$150,000","Nirouth, Chbar Ampov, Phnom Penh",5,5
